-- MySQL dump 10.13  Distrib 8.4.6, for Linux (x86_64)
--
-- Host: localhost    Database: gestionacademica
-- ------------------------------------------------------
-- Server version	8.4.6

/*!40101 SET @OLD_CHARACTER_SET_CLIENT=@@CHARACTER_SET_CLIENT */;
/*!40101 SET @OLD_CHARACTER_SET_RESULTS=@@CHARACTER_SET_RESULTS */;
/*!40101 SET @OLD_COLLATION_CONNECTION=@@COLLATION_CONNECTION */;
/*!50503 SET NAMES utf8mb4 */;
/*!40103 SET @OLD_TIME_ZONE=@@TIME_ZONE */;
/*!40103 SET TIME_ZONE='+00:00' */;
/*!40014 SET @OLD_UNIQUE_CHECKS=@@UNIQUE_CHECKS, UNIQUE_CHECKS=0 */;
/*!40014 SET @OLD_FOREIGN_KEY_CHECKS=@@FOREIGN_KEY_CHECKS, FOREIGN_KEY_CHECKS=0 */;
/*!40101 SET @OLD_SQL_MODE=@@SQL_MODE, SQL_MODE='NO_AUTO_VALUE_ON_ZERO' */;
/*!40111 SET @OLD_SQL_NOTES=@@SQL_NOTES, SQL_NOTES=0 */;

--
-- Table structure for table `alumnos`
--

DROP TABLE IF EXISTS `alumnos`;
/*!40101 SET @saved_cs_client     = @@character_set_client */;
/*!50503 SET character_set_client = utf8mb4 */;
CREATE TABLE `alumnos` (
  `id` int NOT NULL AUTO_INCREMENT,
  `nombre` varchar(50) NOT NULL,
  `apellido` varchar(50) NOT NULL,
  `edad` tinyint NOT NULL,
  `id_carrera` int NOT NULL,
  PRIMARY KEY (`id`),
  KEY `id_carrera` (`id_carrera`),
  CONSTRAINT `alumnos_ibfk_1` FOREIGN KEY (`id_carrera`) REFERENCES `carreras` (`id`)
) ENGINE=InnoDB AUTO_INCREMENT=105 DEFAULT CHARSET=utf8mb4 COLLATE=utf8mb4_0900_ai_ci;
/*!40101 SET character_set_client = @saved_cs_client */;

--
-- Dumping data for table `alumnos`
--

LOCK TABLES `alumnos` WRITE;
/*!40000 ALTER TABLE `alumnos` DISABLE KEYS */;
INSERT INTO `alumnos` VALUES (1,'Ana','Gómez',20,1),(2,'Juan','Pérez',21,2),(3,'Sol','Martínez',22,3);
/*!40000 ALTER TABLE `alumnos` ENABLE KEYS */;
UNLOCK TABLES;

--
-- Table structure for table `asignaturas`
--

DROP TABLE IF EXISTS `asignaturas`;
/*!40101 SET @saved_cs_client     = @@character_set_client */;
/*!50503 SET character_set_client = utf8mb4 */;
CREATE TABLE `asignaturas` (
  `id` int NOT NULL AUTO_INCREMENT,
  `nombre` varchar(40) NOT NULL,
  `creditos` tinyint NOT NULL,
  `id_carrera` int NOT NULL,
  PRIMARY KEY (`id`),
  KEY `id_carrera` (`id_carrera`),
  CONSTRAINT `asignaturas_ibfk_1` FOREIGN KEY (`id_carrera`) REFERENCES `carreras` (`id`)
) ENGINE=InnoDB AUTO_INCREMENT=10 DEFAULT CHARSET=utf8mb4 COLLATE=utf8mb4_0900_ai_ci;
/*!40101 SET character_set_client = @saved_cs_client */;

--
-- Dumping data for table `asignaturas`
--

LOCK TABLES `asignaturas` WRITE;
/*!40000 ALTER TABLE `asignaturas` DISABLE KEYS */;
INSERT INTO `asignaturas` VALUES (1,'MATEMATICA I',8,1),(2,'PROGRAMACION I',12,1),(3,'BASE DE DATOS I',12,1),(4,'ESTRUCTURA DE DATOS',8,1),(5,'INTELIGENCIA ARTIFICIAL I',6,1),(6,'QUIMICA I',8,3),(7,'ELECTRONICA I',8,2);
/*!40000 ALTER TABLE `asignaturas` ENABLE KEYS */;
UNLOCK TABLES;

--
-- Table structure for table `carreras`
--

DROP TABLE IF EXISTS `carreras`;
/*!40101 SET @saved_cs_client     = @@character_set_client */;
/*!50503 SET character_set_client = utf8mb4 */;
CREATE TABLE `carreras` (
  `id` int NOT NULL AUTO_INCREMENT,
  `nombre_carrera` varchar(60) NOT NULL,
  `duracion` tinyint(1) NOT NULL,
  `departamento` varchar(60) DEFAULT NULL,
  PRIMARY KEY (`id`)
) ENGINE=InnoDB AUTO_INCREMENT=4 DEFAULT CHARSET=utf8mb4 COLLATE=utf8mb4_0900_ai_ci;
/*!40101 SET character_set_client = @saved_cs_client */;

--
-- Dumping data for table `carreras`
--

LOCK TABLES `carreras` WRITE;
/*!40000 ALTER TABLE `carreras` DISABLE KEYS */;
INSERT INTO `carreras` VALUES (1,'Informática',5,'Exactas'),(2,'Electrónica',3,'Exactas'),(3,'Química',3,'Ciencias Naturales');
/*!40000 ALTER TABLE `carreras` ENABLE KEYS */;
UNLOCK TABLES;

--
-- Table structure for table `matriculas`
--

DROP TABLE IF EXISTS `matriculas`;
/*!40101 SET @saved_cs_client     = @@character_set_client */;
/*!50503 SET character_set_client = utf8mb4 */;
CREATE TABLE `matriculas` (
  `id_alumno` int NOT NULL,
  `id_asignatura` int NOT NULL,
  `calificacion` decimal(3,1) DEFAULT NULL,
  PRIMARY KEY (`id_alumno`,`id_asignatura`),
  KEY `id_asignatura` (`id_asignatura`),
  CONSTRAINT `matriculas_ibfk_1` FOREIGN KEY (`id_alumno`) REFERENCES `alumnos` (`id`),
  CONSTRAINT `matriculas_ibfk_2` FOREIGN KEY (`id_asignatura`) REFERENCES `asignaturas` (`id`)
) ENGINE=InnoDB DEFAULT CHARSET=utf8mb4 COLLATE=utf8mb4_0900_ai_ci;
/*!40101 SET character_set_client = @saved_cs_client */;

--
-- Dumping data for table `matriculas`
--

LOCK TABLES `matriculas` WRITE;
/*!40000 ALTER TABLE `matriculas` DISABLE KEYS */;
INSERT INTO `matriculas` VALUES (1,1,9.0),(1,2,8.0),(2,7,7.5),(3,6,6.5);
/*!40000 ALTER TABLE `matriculas` ENABLE KEYS */;
UNLOCK TABLES;

--
-- Dumping routines for database 'gestionacademica'
--
/*!40103 SET TIME_ZONE=@OLD_TIME_ZONE */;

/*!40101 SET SQL_MODE=@OLD_SQL_MODE */;
/*!40014 SET FOREIGN_KEY_CHECKS=@OLD_FOREIGN_KEY_CHECKS */;
/*!40014 SET UNIQUE_CHECKS=@OLD_UNIQUE_CHECKS */;
/*!40101 SET CHARACTER_SET_CLIENT=@OLD_CHARACTER_SET_CLIENT */;
/*!40101 SET CHARACTER_SET_RESULTS=@OLD_CHARACTER_SET_RESULTS */;
/*!40101 SET COLLATION_CONNECTION=@OLD_COLLATION_CONNECTION */;
/*!40111 SET SQL_NOTES=@OLD_SQL_NOTES */;

-- Dump completed on 2025-10-04 18:06:08
